id,compras_exitosas,errores_hora,tiempo_respuesta,peso_producto
1,7,5,0.0801134324421848,546.8276106156195
2,3,4,7.569355945842468,524.4517966824275
3,5,2,0.5550772370288581,500.94065809612545
4,6,5,2.1771895211593257,493.16247545500084
5,8,8,3.6539407060259395,504.9668964382521
6,8,1,1.599952923035993,512.9380024789357
7,8,2,0.33245040221713373,449.1749816082488
8,4,2,2.604762765559322,552.8087427371438
9,6,1,1.833838909455822,480.25289227082703
10,5,3,2.627951784926269,499.95235917528106
11,9,4,2.9371498733338646,500.8716720694787
12,3,1,7.4108607509569575,549.9212554672213
13,5,7,1.704582587156467,497.7969039748326
14,7,6,0.8360101498043558,539.7126823588408
15,7,2,2.0908894779211513,510.16818673652784
16,7,2,0.14179088025243025,475.95287844485125
17,7,1,4.553782418741062,503.3676867025701
18,6,0,0.25426044514091534,497.03728195712716
19,6,4,0.7945261872182059,472.89823787739425
20,7,3,3.3828733539966342,508.943069236806
21,6,4,1.8191882998802513,500.5525687462464
22,8,5,1.0005480440500165,513.9105426364636
23,7,1,1.282763500917089,504.8338194899579
24,7,1,3.8558099438128934,483.72242757464824
25,6,2,0.8310441790580774,519.2083498072578
26,5,6,4.075059441187644,484.39004299366053
27,7,3,0.18452540431865655,422.5082369304182
28,6,3,2.9993600934920934,503.21632369885543
29,6,2,3.761806159250693,486.14815681915024
30,8,6,0.4013400978604373,509.55326260991586
31,6,1,1.1254541091223675,549.9717933984929
32,7,3,0.3618445317094126,550.6934923287015
33,8,1,2.4524649725810823,495.871926944454
34,3,2,1.5329320830147914,479.3371207188486
35,3,4,2.0174883988342467,514.6170820479481
36,5,5,0.43752374719074555,490.74436020334116
37,7,8,0.47586946206738917,509.79441305867357
38,8,2,0.0847658524266528,483.4784809443286
39,5,2,0.7774152108726404,506.2673104005688
40,6,4,1.640800810473627,479.7006461926631
41,8,0,3.9029399485212806,529.6063354007866
42,6,4,2.198789874467311,485.2505577311847
43,9,3,1.1432625026334031,516.5275633933742
44,4,6,6.1203331477286955,468.380817920362
45,7,2,2.5405471809986166,519.5293464152672
46,5,2,5.323245734224551,475.84039826829496
47,7,3,1.4998074724053108,506.5294201743627
48,6,6,0.5992509564292686,525.5800243336996
49,6,0,0.10854637839706188,495.0004275360805
50,7,4,2.5898737950044683,474.2708272313517
51,3,4,0.25863029670177057,512.420312678398
52,5,3,0.7212945844751538,478.9754650253363
53,4,4,1.5205874061283877,489.89386002006927
54,4,4,1.6621379379017116,506.63656648739317
55,6,4,1.8354995764944992,534.0169009026927
56,4,1,0.3636561499915391,500.6638338449867
57,8,5,0.9552247000015246,500.5714377461281
58,7,6,1.9204550776807392,518.4378223405713
59,9,0,7.001076413056926,501.2592974168249
60,7,4,2.6011960399530594,515.8882549958224
61,6,2,5.1176340816604515,526.9633386515736
62,7,2,2.872752007616703,491.8065712433
63,5,3,1.7915892827681374,418.1247341521636
64,7,1,0.42644428615548546,479.5518226603633
65,7,1,2.19733849193537,530.2170502708826
66,6,5,1.9530348099273842,499.15588046505866
67,8,0,1.8449655785943824,491.5217432268025
68,5,2,1.3458495493867908,529.1696248300802
69,8,3,1.504336744070725,497.4668770942526
70,3,2,0.8142605688443645,447.6866698562711
71,5,2,1.4650766178581305,462.36744847479144
72,7,1,0.4401861816030011,510.46620052042266
73,10,1,3.271300932043419,498.3277264601318
74,5,3,0.4110418781744449,536.3664119707305
75,5,1,0.17758874546879264,481.6682829048956
76,5,2,1.1462746791993639,492.2624809499051
77,5,0,2.1476877842757744,477.8874231734995
78,8,1,1.1514993715268136,486.9851455579887
79,7,7,0.6480120963509531,452.7024024686594
80,8,6,1.63366553158371,490.3578833987367
81,4,1,0.8523634522946468,498.7032784057524
82,6,1,5.402179665330414,496.5917289383579
83,7,4,5.118703735051414,553.7388315933202
84,8,5,1.3958042145436331,545.8371144294246
85,7,5,0.7946486508169145,481.22751322597287
86,7,0,2.6722096974216583,448.9015826336851
87,5,5,0.07480765183071454,497.5199911767111
88,5,3,1.2878342493375636,509.4127534542655
89,4,7,0.8199205754235015,478.4878981654291
90,6,3,5.064899488328987,479.72560915185693
91,8,3,0.02415129056028017,539.5638742328133
92,5,3,1.6095652436463972,493.5612107213674
93,5,4,2.6992582906839346,516.5562546423935
94,6,4,1.3272466123190378,476.7423575536389
95,5,3,0.17854356173053743,498.57648853188016
96,6,3,7.184332520018512,491.5915411591372
97,6,3,1.4596656140496989,483.1156690299178
98,6,2,1.9048010483856337,528.8825102880423
99,9,4,0.5399719068159187,465.2780747591747
100,8,1,1.3213525659769436,507.50142063778225
101,9,0,1.121255821772323,491.12195861273756
102,5,7,0.15569788913576454,510.37061205089685
103,7,1,0.22445777256177626,491.46058419454107
104,6,1,3.63381636294305,521.6798265479734
105,4,1,0.5483999375359758,476.5074350436962
106,7,3,0.4337223325187647,528.9388297918828
107,6,1,1.4060372920966986,499.2799326331395
108,5,3,2.92848699549536,466.78743677462194
109,7,6,0.1278966303219529,517.0053863975705
110,8,1,1.719858224628267,495.0287564120587
111,7,2,0.25387309945995734,457.3040518465114
112,8,3,0.07428473453950273,508.31170209397175
113,4,3,0.10837168895391924,525.1648928819425
114,5,7,3.593513166563624,532.0533935090033
115,5,5,0.25106405152274686,490.54120293500586
116,4,2,0.09240489566028914,503.63295138314345
117,5,1,1.1521506163930602,501.2634085698228
118,7,7,3.7157148521653185,537.2450657892838
119,4,5,0.6087299264319618,479.7377854406671
120,6,3,1.0953686647224408,488.38351369488646
121,5,2,0.08148260505969776,479.13199226375485
122,4,3,1.192325947750277,463.7712369221778
123,7,2,1.7236670289740847,506.194679526302
124,8,4,1.6921634512012989,540.0324582944397
125,7,3,0.8082121405602336,495.0378885371235
126,6,3,0.7582302194710838,477.9525844614216
127,5,6,0.22549461509759477,504.6714925558017
128,4,1,0.9139325976185806,514.7279544693164
129,9,4,0.20959838839631748,496.0909215640857
130,6,2,2.909968368878739,535.0883832988544
131,6,2,6.778990108439182,479.69095264281196
132,7,3,7.018085742403809,492.82575908719093
133,8,3,4.006014602637655,507.39969762107404
134,7,1,1.836546137510566,509.8240938154457
135,4,3,2.413725266684194,501.180702307454
136,7,2,0.6715212272750013,468.0395019410713
137,6,4,1.9926733217074548,558.4502851051583
138,5,6,1.2163240579046013,494.1007521238475
139,7,5,1.3156270235115586,502.75668796461645
140,3,5,2.8357893491474666,515.4190273293245
141,3,3,0.6623440110623319,484.08736593376176
142,7,3,0.7655674089779979,501.4231605217694
143,6,0,5.171004833254026,483.07024405866764
144,7,3,0.11573348309165334,510.38876853685576
145,7,4,1.329641569647941,493.09943378611075
146,9,6,4.87912025419714,506.7179631826167
147,6,2,1.8850795251782,473.83656633785995
148,6,1,1.5811102447919352,479.27708914984487
149,8,2,0.5746820725007556,465.87148307857996
150,7,2,0.8409813241571871,482.2367480168448
151,4,1,3.8217403851069074,435.6618939075465
152,7,2,1.6384103115308866,492.3224948578043
153,8,5,1.4461499400157265,486.64399320092684
154,6,6,0.2097872794116864,503.77277409062674
155,3,4,0.03231599324588352,501.11519311085726
156,7,2,6.63105919156159,531.4269942120268
157,5,5,0.9463731140985362,564.8577546193528
158,5,4,1.8487116454215786,528.4384753287659
159,7,3,0.16614390765968892,488.6723102656228
160,5,4,2.2984281857889117,487.66523125725274
161,7,0,5.393232893793648,521.7165760588929
162,6,2,1.714465275183832,457.9163826356792
163,5,2,0.2696137196608614,492.119926845913
164,6,3,1.7432157321100092,494.04617662390353
165,8,5,2.9078381645143123,514.6032871204703
166,4,3,1.043154891253761,515.3466586535195
167,7,5,4.237824697954126,481.3859864901743
168,7,2,2.0921323928561835,489.6406834573704
169,9,4,4.590204683258767,511.12760637081766
170,6,5,1.95370267748066,480.0269836020309
171,5,2,0.28148718368184666,530.1529608693571
172,9,1,0.7412339713489893,515.229380836006
173,6,0,0.4507795149260442,504.28773870487106
174,7,4,4.789981938518604,509.773514957023
175,5,3,2.8575693871468952,488.32773457648
176,7,4,2.2564841067186956,484.3427144453095
177,5,1,0.7161127085267454,489.381944596532
178,6,1,0.4067915864638257,512.4991673064962
179,4,2,2.8248749718984394,505.02537451771633
180,8,2,1.285508777346694,489.4321385076822
181,7,1,0.5118230918066684,518.7395435826913
182,8,2,1.9174675487768742,495.6513394415962
183,4,5,0.08233963529585459,482.6672313602708
184,4,2,0.7895556050868116,506.358537732463
185,7,3,1.2643186408469937,474.67426220942906
186,5,4,0.3202396994422136,457.81940625160746
187,5,2,8.353863094461069,499.8723856108684
188,6,2,0.4691608185918849,483.5646551572279
189,6,2,0.2793360926665708,493.64614118325375
190,7,5,0.45514386900763654,475.83167704638873
191,8,3,2.9312044983965837,530.2233034925642
192,4,2,1.1085300650392804,483.46268140179654
193,4,4,1.666731777335055,489.20001554572974
194,6,7,0.042465979806594556,509.44708168958084
195,7,1,0.07007606736386808,465.5846425419329
196,7,7,1.1805514995878807,463.7362556687824
197,5,3,3.392773963111159,509.5238208923353
198,4,1,4.329805034313114,488.87630923844574
199,4,2,0.18139611274190656,477.4626223276461
200,5,1,1.5459532643861007,515.084329323683
201,5,4,4.888981447279088,479.7019585223002
202,8,3,0.9819569570060966,493.1371925112769
203,8,2,3.5388123298035152,477.5967383006872
204,4,1,0.2870379876437126,507.5859296562456
205,6,2,5.478911145142548,533.3019048179193
206,9,3,2.7840077993678456,453.47400176669714
207,8,3,5.671803263285601,502.81644221876616
208,5,1,2.257837243837193,521.4147110471588
209,10,7,0.9032398814306208,489.46305631735567
210,8,2,5.5670946184237575,471.7239406426029
211,6,3,0.6447313805758969,510.5240881781851
212,5,4,0.8074508107230448,525.0413375844275
213,5,3,2.413342336620334,522.2630544411367
214,7,6,2.8990332537535135,509.1477334478707
215,5,5,5.30154896401161,502.44784344021605
216,7,2,0.4583293062832141,477.52468611539246
217,7,1,3.1989557099814614,521.6311237585985
218,5,5,2.6829942468069166,520.2489203338126
219,5,3,0.13184067081431353,471.54854203361833
220,4,5,0.9795088486805695,509.1119931961623
221,5,1,0.6647047496052972,516.3205968879946
222,6,3,0.7262209994211712,522.0528443018877
223,8,3,8.142844149357277,498.1252595218195
224,7,3,2.058792399679602,478.5608106463464
225,7,2,2.529400980610554,487.4470955033989
226,7,1,7.511546544454928,474.81875353860096
227,3,4,0.9470654020657482,498.72348337212543
228,6,1,3.2373626877724084,493.8278650857827
229,4,7,1.1401994775582243,553.6259105192177
230,6,2,4.073280214166815,522.3669285609533
231,5,3,0.3985062800984595,524.2387016722274
232,6,3,5.9009892839167755,511.7838122706932
233,6,6,0.4937757301670222,490.81705883328704
234,6,2,0.7897047665833375,493.1152510295482
235,7,1,2.822750417803184,495.4032675045845
236,5,5,1.000942635398074,504.70583181752835
237,7,2,1.8740656221431098,509.7292452555862
238,9,6,1.1760379876267237,500.01771569201304
239,5,3,2.7124611754345755,492.7350380664217
240,7,4,0.5183998088380105,485.1471092378004
241,4,2,0.12047261731786105,465.18378105541865
242,3,0,0.7131481765441472,532.0844791261662
243,4,3,1.2860821076543123,555.1382392066354
244,7,5,0.3678938792889803,529.9834195232063
245,9,3,0.8763814639187116,468.52335935173136
246,4,2,1.0215946426449123,519.6754142410223
247,6,3,0.11820922307277382,525.5944075405204
248,3,3,1.7508122699111237,489.91405753446605
249,3,2,4.31426013007785,512.2231809909757
250,4,2,0.32914304089827245,488.5924241869345
251,7,3,1.8216514515285644,538.2232248703435
252,6,2,2.185693114443944,509.13427305538283
253,4,1,1.087161460271869,477.0711127157238
254,7,2,2.4152762760188624,516.7452024502335
255,7,4,1.0577468312433034,526.4695168372562
256,6,4,1.404930066368124,504.9532912783969
257,4,4,0.014760422882694028,511.9860422935817
258,5,3,2.3534943766060223,498.2561642692801
259,6,3,2.1655330704036055,471.64298867134414
260,8,1,0.07831525512523473,496.2066560394873
261,6,4,0.9185234054202026,513.075990824089
262,2,2,7.729500440141046,496.79932830041906
263,8,2,1.0919958359123716,520.0191356684898
264,6,2,1.3940911594338155,490.19546097006037
265,4,6,4.814339778304967,491.8352293137293
266,5,1,2.526468332323109,520.7779999498476
267,5,2,1.7448832766855982,505.5463129200761
268,5,2,3.197042249393556,489.7069604711102
269,7,2,3.995594323932003,525.8451344002156
270,7,5,1.2208797017852966,482.7816070512368
271,5,3,1.2891268941796725,481.82627602456625
272,5,1,0.9756866227276091,429.26377972339816
273,4,3,6.804764567870974,486.1507862855638
274,4,5,2.3891426361759636,532.7179169730571
275,6,4,0.17378218562937103,448.19268284568903
276,6,4,3.9749593524651803,476.20199649426957
277,5,5,1.3100077137656883,510.9767138972542
278,5,2,0.14246340822651993,443.8783306526818
279,5,3,1.595759143339993,487.2325346622559
280,5,2,1.0796998289184865,528.5215803902687
281,4,8,4.2033645648792355,551.0756450462247
282,7,3,0.45629862755108447,507.2561641416758
283,7,4,3.5027474410482884,476.8383245439721
284,8,5,1.6314826524708477,475.99678153379296
285,6,4,0.11231611788152783,503.6226992332726
286,9,3,7.140082045423928,507.0240830291275
287,6,3,1.4374028293021897,546.4482190014562
288,6,1,0.6874521563101749,524.2701213134301
289,7,4,1.2675194643548529,502.1026621972123
290,6,4,3.9018543960944574,491.61981866851454
291,9,3,0.7274081075142634,575.3677927325552
292,9,2,0.4280613908200791,515.6648699998974
293,5,5,0.2763902089550304,483.2812071605614
294,7,1,0.7072432156353936,494.38442691021305
295,8,7,3.028692667952104,478.0636314999225
296,6,3,1.2759032077210986,439.8862618537403
297,5,4,0.5161989130096801,507.81627478018305
298,7,2,0.3634874466071704,544.5613554139329
299,6,0,0.8091194656992609,459.23606994381737
300,8,4,5.624302117115613,501.3815648969754
301,8,3,0.840223839512816,482.3273805215601
302,6,4,8.86648423548463,513.0375631392463
303,6,3,1.3280719307871494,495.69174608188587
304,5,1,0.39486369266729987,465.99863363955996
305,5,0,4.4353869384035365,475.4724071512566
306,3,3,1.2336889089268963,479.2424867003948
307,6,2,2.473483398878105,533.6079551996802
308,7,6,8.234602100224643,532.3314819232538
309,5,2,0.10295578141717246,492.21630282218257
310,7,4,0.20338906449370395,530.6950858362836
311,6,3,2.5491964544197456,495.67040401509564
312,8,7,0.6620840232600429,491.83343103874535
313,9,5,0.40742070251068796,501.4279460137794
314,3,4,0.08031501364000024,507.1206319655909
315,4,1,0.044177770037457244,486.113880178375
316,5,6,2.9787425556384566,500.54664355455554
317,6,1,0.28874197841340865,519.6830626411631
318,7,2,1.26117353907741,503.2384909801512
319,8,1,1.8622850271282125,501.069572553108
320,7,3,1.1184630255481236,512.3545053570199
321,6,2,0.054961629320610446,516.6676515214652
322,5,1,3.060343343847066,498.43460453467696
323,5,0,0.02113775780329084,488.1454735730463
324,7,1,2.8700441672485537,504.7300825868559
325,3,1,4.475552475327412,460.1509067544175
326,5,5,1.134227377846188,494.74195011240363
327,6,2,1.5337703264500329,438.21100229214346
328,6,6,1.2962841226884407,458.1052054140875
329,6,2,0.9859996322453437,454.3453537645822
330,7,5,4.368262971026606,526.1837935613263
331,7,2,4.4873782473675154,500.34954539923314
332,5,1,0.8183932169327452,468.44877441959164
333,9,1,1.9093862807365065,512.2766510861339
334,8,2,5.232060733810963,524.716361984163
335,9,3,6.5434195024900585,512.7121389036844
336,9,2,1.4224554678758092,495.2822467876853
337,4,1,1.2059724899914948,505.81216546048415
338,5,5,0.6533845183763852,522.5374133285683
339,6,5,6.382126081885484,488.2688540584336
340,8,2,0.3082014059222692,500.74667308144564
341,6,1,1.7341897573853986,493.5701738848392
342,6,3,0.6641047861241048,459.66460368368786
343,7,0,0.6542552803304643,522.9142045161076
344,6,2,1.0382821610086899,551.4317966248502
345,6,6,13.439128323047543,478.15513446897023
346,6,7,0.11306939597246707,524.0670058721574
347,5,3,1.728069438563821,478.95015550595997
348,9,3,0.17236269701234794,503.31969537692663
349,7,3,0.3357034944912859,537.7003068447444
350,6,1,1.1580766770690523,486.9890253651972
351,6,3,1.4285787452385,499.63283964020314
352,4,4,0.5989490845315081,454.9624250872981
353,5,4,0.7609318095535617,483.39489140134424
354,8,1,0.1819665532947585,452.3431919499824
355,8,3,0.7225704925510391,510.72945299687495
356,5,0,6.795911645225018,520.7909389737895
357,9,2,5.790231726990648,494.4591278357299
358,6,4,0.815570465444863,507.1471741814198
359,4,6,1.6919158862557113,491.8567386187388
360,6,3,4.806920059195192,518.5136341468609
361,6,2,0.012406043323879326,503.23654837812995
362,5,4,3.3286708657337143,450.35841610491104
363,6,2,5.927287436565269,523.4995204523206
364,6,4,0.19153718525268368,490.26143013542116
365,4,2,0.3521566194443919,468.2405132197899
366,6,6,6.475419284563655,489.02665069139994
367,3,2,1.5423910457138963,452.448258786339
368,4,0,0.02859674141901827,468.7527672190239
369,7,5,0.5958204004436515,503.5737402528847
370,8,3,1.1954691911579085,505.66779215851415
371,8,2,2.3612217372879427,507.6609708563792
372,9,5,2.6422149364674303,500.08024669408746
373,8,4,10.7727733369941,482.6783719131997
374,5,4,0.6779821707924266,498.63852151348584
375,8,7,1.545333824781773,489.0698138263029
376,7,2,1.524238166788931,459.3554600481204
377,4,2,1.040557863116872,480.6896252247353
378,9,5,0.3706406424155779,522.2385307792256
379,5,4,7.584622611356139,539.7073538013736
380,7,3,3.8389655117757178,516.2818761029672
381,8,2,1.3796375648322021,538.5924440248103
382,5,4,1.8488747652277786,502.13471525337394
383,6,4,0.5156280045162553,543.5594021175634
384,4,5,1.5695912551202036,551.3622110082146
385,5,1,2.374691165954207,456.6632625490953
386,5,2,1.4479016715718456,505.5373326783208
387,7,1,9.268203510460674,502.16075472718853
388,7,4,1.890109229971081,489.39740461039753
389,5,1,0.927164461547369,512.2978884537847
390,5,3,2.9581533204366126,501.0281267160469
391,2,1,0.3737739527569037,481.6137769901989
392,6,2,0.9706920522860667,499.3348723740755
393,7,5,0.8522305771075394,530.1148644842098
394,5,4,1.1305885932602338,504.5634524220669
395,7,3,3.044501506136853,515.6738687064034
396,4,3,1.3239678067749792,493.07367249302274
397,4,5,3.1598985191502313,511.30160025379035
398,6,3,1.718351124987836,469.7696367379205
399,5,2,0.8373117540410482,487.50698751450517
400,5,1,3.321238675458172,497.4332847858518
401,8,2,0.544377881303494,468.09160198433653
402,4,1,0.5081928225902078,479.2445820276932
403,6,2,1.404387652900328,507.8277942143473
404,5,1,0.6045067629872475,503.2457979072008
405,7,3,0.018257147777313115,520.1591356164428
406,4,3,2.089939417631036,484.9872245453709
407,6,6,1.4311693437344837,501.44005565013106
408,9,5,1.1794411996740766,483.2033147279043
409,4,6,6.820588139813656,517.6532137277331
410,8,1,1.693525532311585,529.7686529006312
411,7,2,3.9818590566610577,512.0831206813201
412,3,4,0.3003676674956148,526.5298569069146
413,3,2,1.684252672868285,500.81249657219655
414,6,1,4.049598050715416,520.1398458748794
415,6,4,1.7498454078580858,501.8854435653115
416,6,4,2.5317969727081224,474.37679833535583
417,7,1,0.93056898083535,506.16803471746516
418,7,4,0.19401217156210385,475.11758265523724
419,5,3,1.2246106742608784,558.4782237892227
420,5,1,1.0033333599369643,491.64779603061663
421,5,2,4.035717504517641,516.1259463862249
422,5,1,0.5594153780048572,499.68966951186013
423,8,2,6.80645252901393,469.1596643991023
424,6,2,6.346759293384877,452.53692424838573
425,8,3,0.5690584772435664,518.7253488768533
426,6,4,0.8555808130910317,538.7335231692765
427,6,4,4.518203510760624,481.62990731974105
428,4,0,6.799729793395819,458.58268701101025
429,7,3,1.1719573707747815,491.8709316894594
430,8,0,0.7742596007771472,476.57207386903167
431,8,3,1.493492634304409,483.7421080034477
432,5,1,2.328025282892511,515.2593424931322
433,6,4,0.6389634359131852,498.73842381492904
434,8,5,2.667200224160431,479.2623110279496
435,8,1,0.10607880877436308,514.7125196565298
436,5,3,0.10110186162447521,516.6718086268947
437,8,3,0.9764580716124998,491.57356284888436
438,5,3,0.8722812307330801,503.4479130229515
439,5,2,0.7585225404775371,513.0125470769244
440,8,3,1.3506921792937874,510.6525782745849
441,8,3,0.7734837212997688,501.01535217413834
442,3,4,0.42702495488599046,535.8146529556324
443,7,3,0.7405904146117664,514.5670203253796
444,7,1,7.370115357637773,488.73302458755666
445,5,2,1.0590433448748782,488.88327330752736
446,3,4,1.1765395598567936,486.0478412465832
447,3,1,1.7186160083681676,515.8030236806953
448,5,4,8.189581533220137,484.43131099995236
449,7,2,0.5530920222135497,489.37752276992984
450,8,1,2.28689785301858,526.4505597028954
451,5,5,2.517454292586845,504.7907990516847
452,6,6,1.8695429920776057,529.9633156780296
453,6,1,0.1854992688015947,519.9514968338085
454,4,7,2.259415206094576,470.58320427324844
455,8,4,0.1324819892575126,497.44667354398246
456,6,3,1.8133871126365364,524.7487259992135
457,9,3,2.690928174330804,469.4455983712247
458,6,0,0.4739015948389249,510.4927705089669
459,8,3,3.6855414915235882,499.0190881575314
460,8,3,0.06164804398719881,456.13028144694033
461,8,1,3.7134007974683465,502.99148261297336
462,5,0,1.2335913563939878,479.06329959683666
463,5,2,0.4907474923650622,470.8087054470893
464,6,4,0.2872284392387655,500.2285168955658
465,3,6,6.128329215016036,451.72867651867483
466,7,3,0.15088206304784618,483.1427426853779
467,7,3,0.44402193569794857,563.7793563125662
468,4,2,0.8548765618147648,516.2555598351736
469,7,1,1.9364044817977946,477.96437734581616
470,3,0,1.5740415606941272,535.1041485025099
471,9,2,0.2685341661563596,475.19891098057167
472,3,6,0.684214521647208,486.1576211716132
473,9,6,0.545591573021044,471.2787147517678
474,4,3,0.4804340911186651,506.40199696665053
475,6,3,1.0591483576150997,534.2157405524282
476,2,2,2.4350041781190717,475.0248441860036
477,8,5,0.4904024157113892,448.4889240647728
478,6,3,0.9135553728463964,527.2741668629855
479,3,2,0.991602864707454,538.845012527192
480,6,2,7.497813510733513,450.12298833963166
481,6,2,6.187411696775183,511.5013585361611
482,5,3,3.220252125831439,505.6626338028822
483,6,1,0.5532440440259808,480.3131173778061
484,6,6,0.14092500335415165,465.1411083332692
485,6,4,0.7622401490638577,524.793758636164
486,4,6,0.6206586582047245,504.4767632864299
487,9,2,1.410139141881239,506.360661435668
488,7,5,3.0077060345126205,484.45576617917
489,3,2,3.9084100575952863,479.95226988875106
490,4,3,3.726907355936044,438.62566146815135
491,6,6,0.8915605909758006,494.299299255378
492,6,6,2.324602140022015,535.9706594863555
493,7,5,0.7503593462375231,477.74363949878364
494,7,4,0.12567842379845262,461.9396326433315
495,6,3,2.4184080305836444,510.891614161425
496,7,1,0.01975232339850701,515.5019999611584
497,6,4,1.052496511880298,485.3523509829706
498,8,3,0.799103063543024,491.280888382509
499,3,4,2.364276110682943,506.59757793046896
500,3,2,2.9069674862617174,496.11126328426684
501,5,2,0.7250831982315024,525.0032333938495
502,6,4,3.3386626317882704,560.9310643981055
503,7,4,0.6960442909427753,457.2709111202386
504,5,1,1.1823597265391956,530.7438782639495
505,5,2,2.5967027012414303,502.6314925255833
506,8,4,2.3612954509774964,534.705023471354
507,4,2,8.74311878572798,518.108862781642
508,5,3,0.510200088796951,501.5289114983928
509,3,5,2.171300797434813,519.0005735610258
510,5,2,1.881586504979661,490.14610572038004
511,6,2,4.932525963887901,480.64246444737864
512,6,2,0.34006390848935697,520.2715778899587
513,4,2,2.787026014628955,478.8917887802624
514,4,4,1.6799033621046973,516.0593147910392
515,9,2,0.6422457220740379,500.76868957718744
516,9,2,1.2865624824775455,441.7639587219356
517,7,3,0.8122604497079458,485.6404387384265
518,5,2,1.7317342943941452,508.37095487561555
519,3,2,4.396461161039542,489.8499834022877
520,8,2,1.6847101196117045,436.3316972059454
521,6,5,1.9978366542547987,533.018753195654
522,7,4,1.4627278397245456,504.2343762817903
523,3,4,0.10504179294545081,511.09348228174514
524,4,4,0.5301681675278442,488.1680961955439
525,4,4,1.3545544716066276,513.2872422036664
526,6,4,0.7428094609516299,545.8705036146675
527,6,0,0.40120796767998324,481.62317540931605
528,7,1,1.4028944291551646,541.6753176339267
529,8,4,0.7796061810100048,509.9641016473002
530,4,1,0.597102236001904,478.2641812990784
531,5,4,1.2471878240269452,555.3097659397752
532,1,1,0.2860884399080486,509.7910059972233
533,2,2,5.255127791907216,516.9119667193261
534,6,2,4.045398130550464,493.26619738183103
535,5,1,2.4594059125086147,480.09183386676204
536,4,4,0.22457742632922725,504.19533111689475
537,4,7,2.9911228121820077,539.5365930870832
538,7,3,3.300075364431818,492.2585046953578
539,6,4,2.9200076856710893,499.3312188606466
540,8,5,0.24199965399098233,536.4082117994897
541,3,3,2.065132067970618,492.491828854894
542,6,2,3.595452016339211,512.7569077792281
543,7,3,1.7224378260131856,521.9337626684925
544,5,2,2.079219611963342,495.0804762780754
545,6,2,1.2263202575213132,507.74593982999806
546,7,4,1.5045519528712807,516.5275694420293
547,8,1,0.06996328680903927,489.97712016139684
548,5,5,2.037549787376217,520.3941291247498
549,6,2,0.16991180996684735,486.32534791361405
550,5,3,1.14191075771995,483.12281052598775
551,6,6,0.6924737856294044,461.8239734794886
552,4,3,1.57679770508331,487.41344140247355
553,6,3,0.28639323996925514,479.6124324532445
554,6,7,2.352996759849504,489.9781510936256
555,4,3,3.1696031582544673,515.2998157978622
556,6,1,0.35670954915951975,456.85814366562244
557,8,0,0.22032870983885056,450.6332276353223
558,9,3,0.3145137914196958,481.27301958371794
559,5,1,4.193217100727833,511.5307623396664
560,6,2,1.5023547042144811,507.22162367549214
561,5,1,1.25944729661117,480.8734416772269
562,7,3,0.22569207838803187,529.2352058039115
563,8,1,2.0971087526162817,483.5397516220415
564,9,2,4.049900529393362,511.5613496531782
565,7,4,3.5226840441555867,490.9303418116457
566,6,3,1.9672915459299989,478.2805912251586
567,6,4,0.15652580434678837,484.87333029713153
568,6,2,0.23846147729172124,518.3500096203389
569,4,2,0.10113235362391897,509.0256286285689
570,7,3,0.5954088348821933,524.2025665944136
571,6,1,0.2915815330068519,509.024652063427
572,5,2,0.6023400283026276,459.7207634206445
573,6,4,0.9724548303491272,552.8603708577198
574,6,6,5.7288040458218,509.37922535146174
575,4,4,1.8851465218053558,512.8667888597057
576,3,1,3.6033018861041675,490.57905801258596
577,8,4,2.4781743251522337,527.8294573325177
578,4,4,0.23870056998547717,472.67231098499695
579,6,1,2.663009460534665,515.2457269415873
580,7,5,0.6434400435732262,448.009167943824
581,6,2,2.03835222084033,516.9302130337546
582,3,1,0.8339480860459548,473.01123970901426
583,6,4,12.12571768340296,506.9248630106781
584,7,3,0.6118318860122791,533.9335116686543
585,5,3,0.6545942323002407,520.567934362511
586,7,6,5.337820200542134,530.609541752939
587,8,4,0.049906322564929974,528.0212110911953
588,8,9,2.3859931144842346,486.892931427253
589,8,3,2.5843435232263468,514.9582543451963
590,8,2,3.6203998369236383,456.87707760145474
591,8,3,7.333399359021609,482.82658955139374
592,5,2,7.42650160747506,534.8163722071013
593,7,5,0.13500958181322742,490.3740799393445
594,7,4,3.450138909396424,453.29995283323143
595,4,3,2.0786685362899324,550.342472933284
596,6,5,2.08451382246539,514.056257079243
597,5,3,0.27473445520332773,519.1119555076448
598,7,1,2.1007140576155563,475.4882616269526
599,7,3,8.089118997829152,507.10141426324674
600,9,7,4.856717754263669,506.4393742722299
601,7,3,1.1565346150939937,479.46287858440814
602,7,2,0.08153560299014384,495.754507861921
603,7,5,0.8997542343026391,462.48830718042456
604,8,2,3.5018913391211512,491.33226167809994
605,8,4,2.4179646719741257,524.3461564314955
606,6,1,1.2299428497691083,481.32879352519785
607,7,3,0.1133556037469997,547.6824459106639
608,7,8,1.113371716131574,464.0977121866236
609,6,3,1.2660804525936897,493.4956162551101
610,5,5,5.277669629782799,483.58925090964686
611,9,6,2.049345524215989,495.49547921567824
612,5,5,0.7469241733004863,534.286869553523
613,6,4,1.4902214598815384,475.38861258839756
614,8,3,0.13667611718063818,488.71823672676175
615,4,4,7.192107308362559,516.3626438180785
616,4,0,0.8927614075512592,502.32896949794133
617,8,8,1.2996672280360102,504.37937373272507
618,7,2,0.8778906585369609,475.8680915100111
619,5,4,2.294628813159515,498.21041320993754
620,5,0,2.170792956916198,528.289461288488
621,7,1,2.5127953056334813,459.7619754229755
622,7,7,0.6243409060704408,482.5672712325243
623,7,4,0.7586256042333176,454.61145926186657
624,6,5,0.26763711020906056,513.4243924235935
625,6,1,2.1313802695992985,530.6367636328617
626,7,5,0.08122138230871051,495.4147503176989
627,6,1,1.82102658454824,474.86199963711755
628,5,2,4.075768426488784,475.5938387136366
629,9,1,4.429737314543447,492.57356980318144
630,7,4,1.1921780055890858,492.4781988652119
631,5,3,1.22979500759876,522.7957944628342
632,4,1,0.16018531435935543,483.2780991389247
633,6,3,2.2219671495247337,510.8769584546465
634,6,2,3.4436396003666703,492.3632492688033
635,8,2,0.561161505506684,481.3810761190041
636,6,1,1.0939451877514177,491.74059841647556
637,6,3,3.6507070065738145,508.4134595467745
638,7,2,4.19310163087092,522.8733347470426
639,7,3,0.5572596169102206,493.70067032103776
640,7,3,1.5995531553320714,469.90154673005577
641,9,5,0.4276074834731294,524.992870081636
642,7,6,0.21490042653278407,477.54576542119713
643,7,3,4.840947549780638,506.52057919193834
644,7,5,3.4352437564694527,499.37918330740615
645,8,2,2.8545235807903167,496.0357476913445
646,4,2,0.09999105015780257,487.8255924952998
647,6,4,3.712324545842606,515.5037195103866
648,5,3,1.1526637180838029,410.44843481281225
649,5,2,0.8383020387100849,528.411762709176
650,6,1,1.5814157703046228,477.18730564014913
651,8,5,0.1915977323759571,510.1989227437662
652,6,3,2.826480726061713,508.87564044837325
653,6,4,1.7466304846432408,531.8744345505205
654,5,1,0.41304022121092526,504.94372838845175
655,6,3,0.4170818800432206,479.27227048414886
656,8,4,0.40729138103834867,459.88112530222577
657,7,2,0.11738305644063902,491.27992112817566
658,7,2,1.7724856973960565,451.0456142779247
659,5,2,3.669519889688536,484.2878573422311
660,6,4,0.03530623483166426,492.68423449174486
661,7,5,0.10049220150150044,482.75210054927686
662,3,2,1.700866833425712,501.0443414341228
663,6,2,3.4240011956330187,494.0973997270198
664,7,4,0.7912440924576999,491.80783646678043
665,8,0,0.8603797187637013,439.39623457406736
666,8,3,1.8143968721981008,467.6323704828613
667,7,0,0.6409970857350588,516.0664182963719
668,8,2,0.05393755263266361,520.1064068236861
669,7,2,2.657776314954579,454.03058205052514
670,7,1,1.9651277154924844,479.6320454691467
671,7,4,1.7386043747977322,526.7991341899782
672,4,5,2.7071442733579976,482.0490296648713
673,8,1,2.2492812368697646,497.2127303218722
674,6,4,0.46104639856186963,536.0451332253976
675,6,0,0.8692144294137516,490.96056721391517
676,3,6,0.26960186299015465,487.3820147453221
677,8,5,0.2781954568892848,496.0740827351843
678,6,1,2.2552322023733025,546.3352699474957
679,3,5,3.91232656422941,511.155045907237
680,4,1,6.579271792141605,500.4770406944942
681,5,4,1.9795899440415385,486.8910011079604
682,7,2,0.40693020502669347,513.4704232045281
683,7,1,0.22331693559987512,516.49249424827
684,5,3,3.35170007172965,473.17053726311326
685,4,3,1.7290883431642305,517.165704798654
686,6,6,1.926162154351982,496.22119283441424
687,6,0,3.0415915453072553,500.6199658657152
688,7,3,2.429914005604045,477.89277492529203
689,5,5,3.5970637347414076,490.00044930427725
690,7,1,0.1157114665598596,474.2464433694293
691,7,3,2.752851526591807,473.04454574709246
692,6,4,3.8056425101974076,509.4272555106695
693,6,2,0.6741229392530576,491.1220858639223
694,7,3,2.0457888954885264,467.5090582534396
695,8,7,0.7542278476534532,554.4263161872094
696,6,1,6.338794009203831,471.88362401710157
697,7,3,0.06798981365697349,527.3025740254833
698,6,3,1.734014920665989,463.08840895945497
699,8,1,0.3642516648172799,511.4125583791949
700,6,1,2.4911193852248714,493.7359907845327
701,6,2,0.38690321349110857,484.27358171603987
702,8,2,0.5367611332831346,504.91855809414267
703,7,6,1.363903412996305,501.55649640823333
704,8,1,4.926328281074947,479.68837040794887
705,8,3,0.47578956581577286,478.556527980325
706,2,3,0.3115306813237252,460.65214470013996
707,7,4,2.8457244334524696,507.6391096089263
708,5,2,1.3887740270062539,468.65487932249977
709,7,3,4.855959072712009,500.09937391292954
710,5,4,0.3170879324255411,514.8119496030179
711,5,2,2.0765093891309077,505.20137579560134
712,6,3,0.5302218461609245,481.92171754956854
713,6,2,0.3410083446579894,522.7203102837492
714,6,4,2.3004180907636242,489.80071304746866
715,7,1,1.8012512453553273,466.64598102487525
716,4,3,2.8115861294477327,492.9068123886681
717,5,5,0.7405702196813144,514.6699344496182
718,3,2,1.1883117737790936,483.1396421397468
719,8,4,1.0399738422883271,521.9545603742577
720,5,2,8.281547491183666,480.74184836955874
721,4,1,0.6913257618775555,484.1446701578618
722,7,3,0.6985965467564998,473.8480246036687
723,8,4,0.8756095119189125,517.0927384227007
724,5,7,1.6629530730898376,498.6689357477699
725,6,4,0.5815677408175358,475.5059513064006
726,4,6,4.937041833434689,490.0947414429724
727,8,4,0.6176359127156219,423.2212253025243
728,5,1,4.5231882714533365,519.4493090866661
729,7,1,0.2184583421881955,495.73133401254233
730,8,7,2.1375014474382352,439.84404622475256
731,8,4,4.750000164467011,463.582963966898
732,5,3,0.36964802280229786,489.4601484360599
733,5,3,6.904578872552523,467.1457310223791
734,6,3,1.2061865284386637,519.8337330921514
735,7,3,5.827018661848841,510.46432214977887
736,4,1,2.2590919408807117,508.98839858794673
737,6,1,0.7178889486757318,434.89132661963237
738,5,3,0.41725515174585365,486.86353964482765
739,6,0,0.7240500207543427,482.55958873477357
740,7,3,0.19526404677425832,476.1486386473853
741,6,3,0.3106613396178077,489.62061797090723
742,7,0,0.2211044727978594,471.84404482284845
743,5,2,1.0996303455835823,505.38051832375544
744,6,1,3.1751412698893997,519.1637838584443
745,7,2,0.30486593837925624,517.0095934605918
746,4,4,0.27926089833791107,496.552218707213
747,6,4,2.062443517787545,549.9809924083376
748,6,1,0.4392569278778571,528.4993778625127
749,4,3,0.20541704418240977,497.4610449081862
750,6,3,0.365079748940435,487.9431947449621
751,8,2,5.146987809507346,533.450679069548
752,4,2,3.4460112837130805,525.1895170690683
753,6,3,0.8741114438403883,464.7393199043943
754,7,2,2.133185464168356,527.1455329807186
755,8,3,1.541247619423393,496.14066163190176
756,5,2,2.2609754928924137,478.47721173516607
757,6,1,2.295633337741702,450.51985351898344
758,6,0,1.981673065429394,493.27709513255496
759,4,3,0.6187687283583145,499.69431036950186
760,5,4,0.07957510273808632,539.6831913527554
761,8,4,1.2160199848281315,523.9308451937171
762,7,3,4.4323356709130985,485.4278319655991
763,7,3,1.6856031740024775,509.7335598554934
764,5,6,3.5722432837932727,520.6562355668206
765,9,4,9.564851503915131,502.1489347004304
766,6,4,0.35733537057230685,485.3211460242199
767,5,5,2.3538676113039734,486.69568859391387
768,4,1,2.243517672321738,509.6368267614238
769,7,4,7.819595701671619,510.3245141381262
770,5,2,8.481156085287223,492.6761346059114
771,8,4,2.321051631273393,434.5211948736665
772,4,5,0.558408996312196,467.73693181771773
773,8,2,3.2044860966175515,515.4922230403029
774,6,4,0.2264026474683906,446.7290500661031
775,5,1,3.0346229012226775,529.6045254091804
776,8,2,4.820254287266382,525.9039315284626
777,7,4,0.9652325336807255,501.0274095483301
778,5,1,1.9919415251375627,514.9482758557152
779,5,1,1.1247387133961406,513.2193669589722
780,5,0,1.151670929650264,497.0781717908447
781,5,3,0.7432026927065744,465.65277206028577
782,6,3,2.872058754825803,524.1818243765422
783,7,4,5.50326964653635,535.1807502845909
784,7,2,5.652008001838989,469.78523689394143
785,7,3,0.3842136370803944,464.71862487075754
786,4,6,4.154785677915301,496.5800773810665
787,6,2,2.6744861110702423,484.34438510908876
788,6,2,0.5829448955545912,503.6237310051365
789,6,2,0.13931035207049688,530.1998509965097
790,3,4,0.62394206252657,443.8582390431876
791,8,1,4.865575191486424,539.5317987904789
792,6,4,2.005760804111597,489.833288953077
793,6,3,2.5534788671034514,512.7944744662624
794,6,3,0.5945286077775367,515.4681459526116
795,9,5,2.5415658022768484,518.3835288549449
796,4,3,0.05704897758885169,501.5477026007499
797,4,1,0.9410358294093133,507.38901504466867
798,6,1,1.9710316278308413,507.2255512651351
799,5,3,0.31587433198263165,484.2429299805138
800,4,5,3.4632514824553446,456.04862021407007
801,5,4,0.5358407189444253,469.5203543058701
802,8,2,2.1127218422110556,497.39405051254914
803,6,7,1.0390505207969587,480.32983357759036
804,6,0,1.8128966328835663,480.3875981902616
805,6,4,0.22734672729226957,544.9812761421549
806,5,2,0.034114909305863604,521.4723699164969
807,4,3,4.806235173110973,493.69810085225066
808,4,1,0.6284080718662304,516.800873641386
809,6,3,3.4260112143175463,489.4932848602275
810,8,1,14.678001133750666,502.7680858546624
811,3,3,0.47507139130958,511.0407162104729
812,4,6,0.6162342153701524,489.55985080570304
813,8,3,2.1745127494553147,482.8687363115726
814,4,2,6.730616420060824,530.5982954617126
815,4,1,4.949461556640923,515.3528241799527
816,6,4,1.3978296432026835,443.63472804268207
817,6,4,3.170566816286065,483.29660174920974
818,6,3,0.2917768038548184,480.46818750764015
819,8,1,7.582992736360828,484.47154777969007
820,7,4,6.668193705067521,521.5600572189724
821,5,2,0.3576050107598819,500.4801492000923
822,10,4,0.7117023518093449,465.2592582286114
823,7,1,0.2110654998825245,490.4196290760346
824,6,5,0.6341327848061579,513.5434411904048
825,6,3,3.385158550634382,494.50887461165615
826,4,1,0.9506454440711265,483.8831012209127
827,7,2,0.1851013093199508,508.2804819684632
828,7,1,0.8377862984632986,540.454812235977
829,5,5,7.967396181811359,511.535620823963
830,6,1,1.9867949816529131,532.5235378257925
831,7,3,1.076259854595826,485.55964455337744
832,6,2,0.3643355696283911,499.7909472218985
833,8,3,8.562813484924048,499.28620038660796
834,7,2,3.4390526100757253,502.9669771016923
835,6,5,0.66111596755081,511.01299015952293
836,6,4,0.1452891238599205,477.0257719736305
837,4,5,0.11658399842156877,516.183317137837
838,7,2,0.256526358422361,459.3028515261196
839,6,3,1.7386644102311073,466.6060834373329
840,6,2,5.283497690746406,553.3906525293307
841,9,1,1.373310310887299,487.2469815130281
842,5,3,3.7023245768153323,518.237983774655
843,7,1,1.1807719117630688,542.4572598106739
844,3,7,2.466003841357379,442.1385980305381
845,8,6,2.632587100621517,528.1561545038927
846,6,3,0.3822331336842769,516.2235901564818
847,8,4,0.8963780044862875,541.009932023326
848,2,1,2.028370357001863,470.4619209583843
849,6,1,0.1466400291294247,536.2813664238653
850,6,2,0.8973930927755046,481.51463920993274
851,8,3,1.5305734220987233,526.3694453569165
852,5,3,11.158441224973346,499.099474106139
853,7,1,1.2869379173655613,519.2692201608785
854,4,4,3.386256063070727,501.2217295826288
855,7,1,1.1315046538044162,454.0149603953318
856,7,3,3.183104857286119,421.9863994264051
857,9,3,1.809785876519037,505.24788834958724
858,6,1,4.35358738020974,493.4066240592163
859,6,2,1.0584631317527249,509.95552378550735
860,8,4,1.8542202005606574,493.6961633539106
861,5,2,1.9886055255548596,550.4519345679455
862,6,0,1.080450310898486,505.7634281957076
863,6,4,0.31169901263650296,488.8263068104334
864,6,0,0.19645957062248928,508.43407665867164
865,6,2,0.03362417008041335,489.28313007796737
866,6,5,4.135567742206534,502.3232558528497
867,8,1,0.5396185919497511,469.5629953191041
868,7,5,0.47526286452563127,499.78536995350987
869,4,4,2.663880554700005,488.0536900991206
870,3,4,0.7713723536189704,471.931584365783
871,7,3,1.4106204727124383,549.3933967018161
872,7,6,0.3546944553313378,472.90661575149585
873,5,2,6.425077963370804,500.1741055860484
874,6,4,3.8154372385835797,479.92979912628107
875,9,2,3.9871093969694957,507.42598677199686
876,8,5,1.044358831546135,468.1403716382771
877,5,3,2.8740069256859795,521.0089205983887
878,5,3,0.31068047004464255,550.903904658971
879,9,3,0.017312722022107877,479.0115190724833
880,7,1,0.040350175761201916,530.424221567033
881,7,3,1.7666876689271453,490.45301639010773
882,5,6,1.2153886875024784,537.6447780269021
883,9,3,1.4596860192942431,554.7124746523998
884,8,1,0.014982257983447609,494.1573747072885
885,5,3,1.0987400794652964,461.9933479776337
886,7,3,2.5321798872915022,523.7021096859022
887,5,2,1.1692805669938868,505.6104301986029
888,7,3,2.63517313432528,512.544779194441
889,8,0,0.5305864066803223,491.5038739538909
890,7,8,3.3548126657190473,477.8876795334825
891,5,1,1.7755583558709573,529.0087045241744
892,4,1,0.4733774979911195,507.99474986390084
893,5,3,0.5402619319432006,463.9110741454069
894,6,2,1.9778866441332388,517.1718805800723
895,5,2,3.54320314200723,512.1542149491626
896,7,3,1.0744342792842403,491.86752689191087
897,7,4,0.597622017625579,540.495330856058
898,4,3,4.034986849146292,484.5456709413184
899,9,7,2.2128955627475726,495.775337546129
900,8,3,1.1887242259296258,519.216202199205
901,7,3,1.3384714836882259,501.91907375826804
902,9,3,0.45695668190800054,465.38942114103907
903,7,5,1.9712957147344639,504.59498432483576
904,6,5,0.8886484062001626,489.6402552008692
905,6,4,10.872942475326886,521.4249061229066
906,4,4,1.3085588873212437,503.7804585998785
907,5,2,1.3306189644751196,502.36269132618474
908,7,6,1.6687385990375778,473.7937209070237
909,7,3,4.971958524512193,494.24936730214984
910,7,2,3.2270736014193186,524.2525273503163
911,6,6,1.1997875737008734,480.5865913864657
912,7,4,2.536661908158245,499.18624442280714
913,6,3,1.7649166092820405,476.5888487087748
914,6,3,1.3559932587453292,470.40393397370826
915,6,6,0.42716820949555095,497.8785238752662
916,6,4,1.2470044270319742,504.34502912193346
917,7,2,0.5642446782961745,549.8465734808149
918,3,1,4.926497368256401,488.61349040384476
919,5,3,0.8171603502799918,498.74576830915294
920,8,4,6.084139506430968,468.7481620507269
921,4,5,1.523088845058955,515.3060003726729
922,6,6,1.9968700104105128,509.952369483832
923,4,2,1.5658831563490823,537.2098669422857
924,5,4,0.27710077223527596,527.7905537877177
925,6,4,0.9426368872963881,508.78516672105707
926,9,0,0.20882440262814084,488.2482125102825
927,7,4,1.950776400490702,505.11671094725153
928,6,5,1.1843396164322908,497.22466344670596
929,5,2,3.010020407549385,523.8349383309495
930,7,5,0.4981294441072529,520.6557872490617
931,8,4,0.3596079972396669,492.5896139086311
932,4,5,1.0428708549585355,463.45015550432805
933,3,2,5.223264448945991,533.3346825055106
934,6,2,2.478659898778821,514.5468489205801
935,7,0,1.085746152048474,492.01274823568326
936,7,4,1.4566045652212336,513.5718337025918
937,9,1,0.1759429726078821,501.87153265625074
938,4,2,8.343647645565703,532.9654481554868
939,8,3,2.195669010609563,451.7554942048743
940,6,2,0.67207605350551,490.0702258371642
941,7,2,1.762853192635727,539.9763628869672
942,6,1,0.23190474833547073,514.0799600866828
943,5,3,6.753204794947747,544.3151667078552
944,5,4,0.38422261171141653,469.4548226709134
945,7,6,2.0884204758643805,526.8049178984622
946,9,3,0.5632792962153197,525.3056105863458
947,8,2,2.528588071433596,457.95678661677914
948,4,3,2.999565568841574,492.6124427616729
949,4,1,2.238159014450261,497.3367723701479
950,6,2,1.9064253717270019,459.51109928081485
951,6,1,4.459953949226526,493.134941836989
952,5,3,0.16378003294096558,521.8295785194651
953,7,4,0.8036876431170382,490.2269235118815
954,4,2,0.5708026297312974,506.05332889185064
955,6,2,8.848025624087784,506.2342570681913
956,6,3,0.9865929212815119,499.69641472153086
957,6,2,2.6381142139835743,482.3704493993643
958,8,2,2.3086210498873894,516.4703493720974
959,8,3,0.47672057536827006,460.32415596185024
960,5,1,0.5462377455657041,500.21470346270456
961,8,6,0.6605795528969495,534.6371585129522
962,6,2,1.059090421606008,488.8156687539696
963,7,2,0.5339951340019585,481.81696946244307
964,6,2,0.039694281377341656,518.1379034693845
965,7,4,4.230436848533242,504.0857940146783
966,7,1,6.739969102812328,518.6361820514234
967,5,2,0.835795306922338,500.9624621423818
968,7,4,0.8265113904347378,440.2926887312205
969,6,3,0.014234158411969072,529.4978352606424
970,6,3,2.280435982479458,551.7506595619569
971,5,3,3.4909723193476845,532.1010251709072
972,4,6,0.3170732690001098,411.528556873256
973,5,3,0.34791252574943127,511.2772053126392
974,7,3,3.1220885105972234,488.33135473562385
975,9,1,1.9157403407098506,472.8939061597073
976,7,2,0.09179587240998134,503.06830404095683
977,6,4,1.9486183921737437,496.27631762750696
978,8,3,0.7389927852241153,512.716445106996
979,6,3,0.9200278829942264,501.4145047326364
980,6,2,2.9370178096185917,471.97969732777557
981,7,3,3.3313308535714983,485.58495558142573
982,5,1,1.0228403570900884,481.5510360918746
983,8,2,5.880706243564916,457.08792058138886
984,8,2,1.043310499276796,465.70888390115294
985,5,3,2.9553815295201056,494.72328325287015
986,6,5,1.3228213648260774,535.593851882682
987,5,3,4.556415821699772,486.61107300753014
988,6,6,4.7667497717530445,481.06423063118024
989,7,2,0.18295205644965265,470.46782983317934
990,5,5,5.513220719721939,500.7634123748838
991,5,6,3.492060444297564,529.4814833652531
992,5,6,3.133817609124306,550.0670691602148
993,7,3,0.44856675054740563,507.13498441804217
994,6,4,3.270734468603796,503.49984356591085
995,7,3,3.796010549078797,486.4131723186614
996,8,2,0.6825886247989037,490.58583446272473
997,4,5,6.0839745990246845,515.7293772762675
998,8,4,0.10229218181169096,492.128116698423
999,3,2,0.3248243486211893,495.9429388208147
1000,6,0,1.5425683420896628,499.3663181312394
